scaling_method,root_age
mbl,257.901141577659
mbl,260.82508866475
mbl,258.685461192392
mbl,262.782135070916
mbl,258.018360309885
mbl,261.306045122962
mbl,259.753251210907
mbl,262.636521143038
mbl,261.276883079656
mbl,262.444023358072
mbl,254.960537287085
mbl,256.095159609122
mbl,254.589062403236
mbl,254.767692169966
mbl,256.154629942826
mbl,255.360021006926
mbl,255.159882658229
mbl,254.974652501913
mbl,255.036165516423
mbl,254.772302342979
mbl,258.855053362614
mbl,261.267645016136
mbl,260.988734355252
mbl,261.864935213779
mbl,258.218156468843
mbl,258.723371793795
mbl,258.748697834881
mbl,258.253286109655
mbl,258.909500448829
mbl,258.546946424588
mbl,257.95317424926
mbl,259.176923263622
mbl,258.23373839654
mbl,258.160107114331
mbl,258.74869968948
mbl,259.476982247995
mbl,258.219736967452
mbl,258.209025725729
mbl,258.365071050446
mbl,258.084449299467
mbl,255.19241700764
mbl,256.222626492567
mbl,254.9126907721
mbl,254.786196035056
mbl,256.337659198784
mbl,255.870255102413
mbl,255.57999289226
mbl,255.336772602722
mbl,256.451508309795
mbl,256.523866099934
mbl,256.924020766343
mbl,256.379495446384
mbl,256.937828246988
mbl,256.474614306833
mbl,257.470685748572
mbl,256.13635676225
mbl,256.321561709482
mbl,256.483316397218
mbl,256.270561445723
mbl,256.175386744435
mbl,258.700687043054
mbl,259.123334186284
mbl,259.426992514292
mbl,259.808247707288
mbl,260.45601011378
mbl,260.423953836632
mbl,258.958532041304
mbl,259.511520611476
mbl,259.62693525885
mbl,259.107789882736
mbl,255.342118935827
mbl,257.113566628862
mbl,255.352064259513
mbl,256.094056019112
mbl,255.684474498895
mbl,257.69175452183
mbl,257.906925887982
mbl,255.963097839747
mbl,256.349382233564
mbl,256.971571518029
mbl,261.827252588253
mbl,261.413370623919
mbl,261.557752763669
mbl,262.652980450948
mbl,261.648119545092
mbl,261.538386269496
mbl,263.293059735796
mbl,263.523021555727
mbl,263.469526847932
mbl,262.191679043784
mbl,258.56120358929
mbl,257.432214939315
mbl,257.906726617482
mbl,257.450788207049
mbl,257.635787301394
mbl,258.747962537035
mbl,257.631527176988
mbl,257.297772897105
mbl,257.5367260359
mbl,257.426598169461
mbl,257.863038022071
mbl,257.840538082148
mbl,258.175790646558
mbl,257.849466925326
mbl,258.319310783844
mbl,257.766730534022
mbl,257.6388350256
mbl,258.614997308487
mbl,258.5081334564
mbl,258.031789239182
mbl,256.580908534783
mbl,258.389566766764
mbl,257.01639898075
mbl,256.522196903452
mbl,256.867053010119
mbl,257.017285059111
mbl,257.902931587268
mbl,257.225453878976
mbl,256.745479339231
mbl,256.874238047365
mbl,258.329159829463
mbl,258.596661557374
mbl,258.497334862989
mbl,258.796678862157
mbl,258.615106661152
mbl,258.678031781851
mbl,258.339258572482
mbl,258.427268589777
mbl,258.599917462142
mbl,258.535962862358
mbl,257.470810784074
mbl,257.677300033905
mbl,257.327896330087
mbl,257.619808183098
mbl,257.276106873457
mbl,257.278088292037
mbl,257.247862383188
mbl,257.418087496469
mbl,257.568120648549
mbl,257.485340839531
mbl,262.090311784949
mbl,261.725391671201
mbl,262.65929936849
mbl,260.909491306923
mbl,260.947459527664
mbl,261.461305833375
mbl,262.098312480496
mbl,261.909221437573
mbl,261.21308201167
mbl,262.932172401855
mbl,260.078710693072
mbl,258.970467585006
mbl,260.026232070383
mbl,259.710013985673
mbl,259.769300410813
mbl,259.571969104088
mbl,259.138003482469
mbl,259.721952146827
mbl,260.554393116911
mbl,258.37730536253
mbl,259.985520338113
mbl,260.930840841685
mbl,260.432513352772
mbl,260.380938498222
mbl,260.476527195168
mbl,259.905806348242
mbl,260.758258730152
mbl,261.699612556566
mbl,259.581352174135
mbl,261.005157271135
mbl,259.917820512482
mbl,260.539652401067
mbl,259.324026976246
mbl,260.72359800397
mbl,259.254993084748
mbl,259.875624079222
mbl,260.130707836903
mbl,258.628900518536
mbl,260.395248790495
mbl,260.15503935992
mbl,260.71377843969
mbl,257.667027547378
mbl,259.834056194853
mbl,258.437991877161
mbl,257.925856383995
mbl,258.407687677238
mbl,259.335762270864
mbl,260.810290220273
mbl,260.831019211328
mbl,260.244575951537
mbl,260.361769131646
mbl,260.53536458788
mbl,259.38588605084
mbl,259.64717722496
mbl,260.482583769073
mbl,260.068642709767
mbl,258.522641534256
mbl,260.243658510796
mbl,260.275478935526
mbl,260.178442213316
mbl,258.040789475592
mbl,257.265604994849
mbl,256.507327216025
mbl,256.739569317144
mbl,258.194760420988
mbl,256.896340952786
mbl,256.833289231742
mbl,258.358231645585
mbl,257.355639361178
mbl,256.425870548885
mbl,262.312127281642
mbl,261.999227968017
mbl,260.486100122074
mbl,262.430933742332
mbl,261.065209924902
mbl,260.972975610036
mbl,261.556213427933
mbl,261.328661378017
mbl,261.980048172327
mbl,261.367193905073
mbl,255.372322737449
mbl,256.034053693214
mbl,255.468056597561
mbl,255.505305801739
mbl,255.520998228039
mbl,255.344820018089
mbl,255.42636359348
mbl,255.481915554428
mbl,255.672033350612
mbl,256.930651553986
mbl,258.964840897992
mbl,258.132920710254
mbl,258.411489504972
mbl,260.921913632993
mbl,258.480491088498
mbl,257.502435791134
mbl,258.081035720627
mbl,258.458856524369
mbl,260.174960551746
mbl,258.319482426741
mbl,261.91374538989
mbl,262.589951583878
mbl,263.023012709671
mbl,261.696702069729
mbl,261.941080481918
mbl,262.65177460561
mbl,262.80107442677
mbl,262.620526043423
mbl,261.421627765019
mbl,262.939075634615
mbl,254.750196604203
mbl,255.071825541188
mbl,256.18288457002
mbl,256.439700613038
mbl,255.859585862928
mbl,256.490653965925
mbl,255.176519638975
mbl,256.475579694428
mbl,256.813027969757
mbl,254.534022493444
mbl,258.31767415744
mbl,258.716787213848
mbl,259.496911704622
mbl,259.354922736012
mbl,259.29112366769
mbl,259.661368794818
mbl,259.101606731433
mbl,260.442965792688
mbl,259.62418165389
mbl,260.552518491184
mbl,256.612499680368
mbl,256.91776432123
mbl,256.657917138054
mbl,255.493900226126
mbl,256.25163623974
mbl,256.874960607344
mbl,257.714441065928
mbl,256.333505739719
mbl,255.743172208772
mbl,257.003322233641
mbl,261.944435501928
mbl,261.836499774922
mbl,262.859504226665
mbl,263.516519385867
mbl,263.152669843999
mbl,262.386092678965
mbl,261.814538140707
mbl,261.977926301567
mbl,263.050049322702
mbl,262.304114860843
mbl,261.105362135749
mbl,260.131466355752
mbl,261.162122710515
mbl,260.159370512203
mbl,261.892883453369
mbl,259.398568195272
mbl,261.320409652162
mbl,261.751759208478
mbl,260.907333035227
mbl,261.822043164559
mbl,255.347940876894
mbl,255.764613089382
mbl,254.764453528682
mbl,255.978469593851
mbl,256.370707216621
mbl,255.840271419862
mbl,255.649181251926
mbl,256.17438428655
mbl,255.586764748101
mbl,255.58966694168
mbl,261.994191877702
mbl,259.963012839169
mbl,260.785235939175
mbl,257.555223796866
mbl,258.089960418835
mbl,258.369415786082
mbl,261.686987705207
mbl,259.001286986503
mbl,260.138896174259
mbl,262.840212052492
mbl,256.615572253903
mbl,255.516306239692
mbl,255.354166187085
mbl,256.633070159829
mbl,256.075074183519
mbl,255.880102812774
mbl,255.969518643506
mbl,255.416500169358
mbl,255.930427648039
mbl,256.569187326552
mbl,255.264269445639
mbl,256.738178012548
mbl,255.951745179668
mbl,256.377421876483
mbl,255.696152242192
mbl,256.411006728304
mbl,256.20264350605
mbl,254.767022087502
mbl,256.284835769718
mbl,255.981498696459
mbl,258.857238280084
mbl,259.455300700874
mbl,257.902006813923
mbl,259.059170161246
mbl,258.244800473275
mbl,258.272369425278
mbl,257.61641513648
mbl,258.081228897257
mbl,258.255719316425
mbl,258.559498075822
mbl,257.861385791157
mbl,259.030400111221
mbl,258.583503510195
mbl,258.507694712188
mbl,259.295262890898
mbl,259.319057793457
mbl,258.704859727237
mbl,257.572033995774
mbl,258.160312985079
mbl,259.400463140174
mbl,259.372914210823
mbl,261.647328521088
mbl,259.49740217037
mbl,261.738929922408
mbl,260.300345033975
mbl,259.653739769408
mbl,259.991704473777
mbl,259.839212232968
mbl,259.64653094979
mbl,259.610616085865
mbl,255.696119512594
mbl,256.544247009072
mbl,255.222897083778
mbl,256.469119409162
mbl,256.22914311914
mbl,255.693372682366
mbl,255.336821070686
mbl,255.394464243599
mbl,256.560178959165
mbl,255.430227889377
mbl,259.045907799047
mbl,259.268213697374
mbl,257.443751598713
mbl,258.964708603725
mbl,258.391043204539
mbl,257.743647443629
mbl,258.10437415628
mbl,259.373163049223
mbl,257.332689437028
mbl,257.413826539053
mbl,259.462918071048
mbl,259.420464827726
mbl,258.459595509132
mbl,259.440368122747
mbl,260.081055365177
mbl,260.078964150185
mbl,258.543252662257
mbl,258.700991241168
mbl,259.890417995118
mbl,259.625268814056
mbl,259.640135510592
mbl,261.105082542507
mbl,259.77576206306
mbl,260.374808585828
mbl,259.708419655045
mbl,260.134217423967
mbl,260.299788287706
mbl,259.803483546502
mbl,261.309444332093
mbl,259.905171525092
mbl,258.614564275462
mbl,258.319672829949
mbl,259.540521651134
mbl,259.397562338738
mbl,258.874124016918
mbl,258.000260364963
mbl,259.882940522814
mbl,259.328381183883
mbl,259.050750380147
mbl,259.757852353575
mbl,259.827080824617
mbl,258.229702629522
mbl,259.428603063729
mbl,258.158823205973
mbl,259.483795131519
mbl,258.352910669327
mbl,258.962194843683
mbl,258.065419915244
mbl,259.815160952904
mbl,259.112027872065
mbl,262.167120475043
mbl,259.859303422435
mbl,261.04955493672
mbl,259.825258150538
mbl,261.06866792625
mbl,260.557317293207
mbl,262.273079888616
mbl,261.156254533206
mbl,260.94828415713
mbl,260.516283178034
mbl,258.318577051363
mbl,258.006556123437
mbl,256.561257362226
mbl,258.136128551501
mbl,257.190306118303
mbl,258.307073248564
mbl,256.729360391689
mbl,257.975583262381
mbl,257.348187392303
mbl,257.163031321529
mbl,260.183964642659
mbl,259.818639507105
mbl,259.819311793204
mbl,260.189157945921
mbl,259.536248269686
mbl,259.554645687402
mbl,260.105075613537
mbl,258.896708631106
mbl,259.168702932496
mbl,259.292128759972
mbl,261.111877286429
mbl,262.521961899502
mbl,260.630048145198
mbl,262.01201544577
mbl,260.770476775805
mbl,262.114153683793
mbl,261.787551002542
mbl,261.513810114441
mbl,261.946806157068
mbl,261.116878072671
mbl,259.651426652842
mbl,259.515062079579
mbl,259.277074496425
mbl,259.351573044364
mbl,260.492083105384
mbl,259.501817674423
mbl,259.537638531695
mbl,259.381573841255
mbl,260.410586706398
mbl,260.069990004401
mbl,262.524126221165
mbl,264.419292657636
mbl,265.096320161447
mbl,264.113386204932
mbl,267.843381674774
mbl,262.623847502517
mbl,264.760025040829
mbl,264.388635101202
mbl,263.638162927818
mbl,268.45412003878
mbl,256.990334889635
mbl,257.326340323919
mbl,257.158478477737
mbl,256.877749713403
mbl,256.524653662788
mbl,256.890365803102
mbl,257.247346506081
mbl,257.674487493839
mbl,256.500111103104
mbl,256.094557003807
mbl,255.44994129329
mbl,255.745683506643
mbl,255.170916288393
mbl,256.220382282408
mbl,254.678878304642
mbl,258.441971023446
mbl,257.273677896317
mbl,257.446717970627
mbl,255.19525774275
mbl,255.81324349666
mbl,260.950297591165
mbl,262.238663699329
mbl,260.67748403158
mbl,260.685468201386
mbl,260.467992886249
mbl,260.541126382113
mbl,260.252404926275
mbl,260.498301497474
mbl,260.612419539993
mbl,262.347064710148
mbl,260.899177126652
mbl,260.594796040468
mbl,261.476365220053
mbl,261.886603096307
mbl,260.509852557075
mbl,260.88007484135
mbl,261.320226547681
mbl,261.196307348993
mbl,261.347320801709
mbl,261.70415307112
mbl,258.336985449197
mbl,257.924788540099
mbl,257.200351753202
mbl,257.665349951643
mbl,258.202514185887
mbl,257.605467311526
mbl,257.474936671136
mbl,257.462354305517
mbl,258.554257694921
mbl,257.329518997157
mbl,259.916944691394
mbl,259.331745863515
mbl,260.92053602132
mbl,261.453752106181
mbl,259.395899370085
mbl,259.341800031161
mbl,260.050050754759
mbl,259.336322859991
mbl,260.464648452636
mbl,261.516394390101
mbl,258.006889451577
mbl,258.955726260548
mbl,258.017133793819
mbl,258.335332355769
mbl,257.760159722716
mbl,258.328710466942
mbl,259.054030266548
mbl,257.881424805566
mbl,257.984735796885
mbl,257.713820767945
mbl,254.214010491022
mbl,254.083009276025
mbl,254.304634728874
mbl,254.507213645827
mbl,254.053314021518
mbl,254.487840342131
mbl,253.829586761119
mbl,254.089240266797
mbl,253.969235820658
mbl,254.534136038141
mbl,258.990707057251
mbl,259.352965661073
mbl,259.814140372761
mbl,258.783865370767
mbl,259.186119436615
mbl,259.395585155119
mbl,259.226531594433
mbl,258.553750045344
mbl,258.929496355667
mbl,259.155261445716
mbl,258.515610941334
mbl,256.668207554328
mbl,257.289483759615
mbl,257.793988422735
mbl,257.641542359204
mbl,257.382709179355
mbl,257.279364493475
mbl,257.087207520795
mbl,256.42107542251
mbl,257.72040944553
mbl,260.144097732319
mbl,258.576731073787
mbl,259.582610613827
mbl,258.868234941748
mbl,260.046857689498
mbl,258.845454346864
mbl,259.146522817172
mbl,261.847294586422
mbl,260.43829289102
mbl,259.963420714191
mbl,256.035479206629
mbl,255.507144229033
mbl,255.575036653325
mbl,255.690682604625
mbl,255.84320151994
mbl,256.640740113743
mbl,256.524253651344
mbl,255.218675204134
mbl,256.457123986911
mbl,256.716097580642
mbl,260.30204830874
mbl,261.090233244011
mbl,262.265789308872
mbl,261.784441812455
mbl,261.70295693004
mbl,260.619862987776
mbl,260.918969791597
mbl,260.368281437075
mbl,260.903720319162
mbl,260.577396664524
mbl,261.198036607464
mbl,261.373572114548
mbl,261.96076097813
mbl,261.934775822307
mbl,262.106403122817
mbl,261.286078956197
mbl,262.387619265043
mbl,260.573668724089
mbl,261.85173842354
mbl,260.69705419777
mbl,259.589851801097
mbl,259.6873657485
mbl,259.630697611766
mbl,259.401153852511
mbl,259.374067630097
mbl,259.325634370954
mbl,259.679373260983
mbl,259.667559131677
mbl,259.565559225786
mbl,259.447799756587
mbl,258.921850444835
mbl,258.703220935429
mbl,258.350318895194
mbl,258.908448606327
mbl,258.018203020585
mbl,259.401892583536
mbl,258.100818967784
mbl,257.548876714909
mbl,258.190428409604
mbl,258.218873129138
mbl,263.379533411004
mbl,263.496949292021
mbl,262.676391430316
mbl,263.712725521363
mbl,267.747547509428
mbl,264.111471250304
mbl,263.501487529906
mbl,263.903932675952
mbl,264.192440469516
mbl,266.487398283435
mbl,258.343103535585
mbl,258.435785363086
mbl,258.917631579922
mbl,258.387240641241
mbl,258.94494084819
mbl,259.249207880672
mbl,258.628850318897
mbl,259.333811676986
mbl,257.521724490083
mbl,258.370761371218
mbl,257.674227055111
mbl,257.565649307105
mbl,258.965192484732
mbl,259.565361618451
mbl,259.504542960713
mbl,259.403046019222
mbl,258.188249340998
mbl,257.632208010885
mbl,257.795163746004
mbl,258.068366956594
mbl,261.089770831512
mbl,260.602922908775
mbl,260.451828398905
mbl,261.493398996545
mbl,260.461804115376
mbl,260.491722446564
mbl,260.547449354362
mbl,260.362243025261
mbl,260.257178302552
mbl,260.57767182535
mbl,261.603992707103
mbl,261.413640947831
mbl,262.240985627298
mbl,262.778236573541
mbl,262.08138893004
mbl,262.613314317956
mbl,262.991959198785
mbl,262.52996025997
mbl,261.584021206549
mbl,263.46676915694
mbl,260.944824046683
mbl,259.584086398063
mbl,259.833101555486
mbl,261.216538768623
mbl,260.42466004167
mbl,260.266326399471
mbl,259.753663328055
mbl,260.869569020318
mbl,261.286276080622
mbl,260.462460934492
mbl,257.782843418652
mbl,258.34976184007
mbl,257.661281560739
mbl,257.761841105474
mbl,258.21977306243
mbl,257.38429095594
mbl,256.339290225001
mbl,258.135453788731
mbl,258.758588323407
mbl,258.214543188235
mbl,262.621089092619
mbl,262.640752589027
mbl,262.594446534105
mbl,262.460466717184
mbl,262.499770031939
mbl,262.675704459823
mbl,262.464519139659
mbl,262.294782613567
mbl,262.546278570592
mbl,262.68928890063
mbl,260.602303794688
mbl,262.155768625832
mbl,262.212740845778
mbl,260.32315413561
mbl,262.126187789056
mbl,261.973386024123
mbl,261.172881228845
mbl,262.50744486836
mbl,261.690705290528
mbl,261.820733982376
mbl,259.959077141145
mbl,258.570088633772
mbl,259.509501977332
mbl,260.104012991756
mbl,259.810996383219
mbl,259.557298849251
mbl,258.82539844342
mbl,259.460275366607
mbl,260.363255601858
mbl,260.031313911832
mbl,259.651340105967
mbl,259.351490139309
mbl,259.634329118696
mbl,259.342549209413
mbl,259.650359413633
mbl,259.415282593854
mbl,259.54209496004
mbl,259.523756438331
mbl,259.501300390041
mbl,259.216426794231
mbl,258.015845560578
mbl,258.908830034658
mbl,257.839547688588
mbl,257.41216267976
mbl,257.887725164506
mbl,258.893093220526
mbl,257.884665812084
mbl,258.678891921027
mbl,257.6342557558
mbl,258.014079068881
mbl,261.507424922194
mbl,261.277434183378
mbl,259.736476675468
mbl,260.12317643771
mbl,262.038383150753
mbl,261.610252641467
mbl,262.167501244135
mbl,260.224111204857
mbl,260.934206793923
mbl,261.511478970526
mbl,259.483323192969
mbl,259.376417765091
mbl,259.675301151052
mbl,259.238313809433
mbl,259.523448908515
mbl,259.597718892083
mbl,259.386617470346
mbl,259.212368287775
mbl,259.690627337829
mbl,259.884707783419
mbl,259.544806642388
mbl,259.425401856937
mbl,259.718403438919
mbl,259.385115739354
mbl,259.375325769582
mbl,259.379198109894
mbl,259.765704404288
mbl,259.966862556797
mbl,259.604742883984
mbl,259.54508497559
mbl,258.765601935866
mbl,259.013402805054
mbl,259.688222799636
mbl,259.173732603434
mbl,259.336303269891
mbl,258.648341809893
mbl,258.463145246077
mbl,258.898450578703
mbl,258.975950568619
mbl,260.352174328542
mbl,257.668134725895
mbl,257.370005162712
mbl,257.206585318828
mbl,257.553720913508
mbl,257.541194936037
mbl,257.535719372262
mbl,257.503775152774
mbl,257.546311939997
mbl,257.633538341778
mbl,257.910449759895
mbl,258.605315355251
mbl,259.398266019113
mbl,258.809756372916
mbl,258.82795010271
mbl,258.670872855792
mbl,258.228271827055
mbl,259.975558038801
mbl,259.017203930994
mbl,258.994066900807
mbl,259.559142015269
mbl,259.529882383561
mbl,259.287140719371
mbl,258.95097468415
mbl,257.816481652739
mbl,257.402341388979
mbl,259.181070650211
mbl,259.353236372394
mbl,258.53609892369
mbl,259.2961109498
mbl,259.103879719807
mbl,264.279218008276
mbl,262.227843824422
mbl,264.609001416662
mbl,264.909184076302
mbl,261.686647775236
mbl,263.129804243178
mbl,263.561902841474
mbl,263.364012721067
mbl,263.461973237442
mbl,263.203301978076
mbl,260.045652939794
mbl,260.057747802241
mbl,259.795433620915
mbl,258.329297947697
mbl,259.560856069927
mbl,259.759603442939
mbl,260.327930208074
mbl,260.257461799351
mbl,258.570042077012
mbl,258.737115463342
mbl,262.299581333727
mbl,261.088057186415
mbl,262.534264580843
mbl,260.423585661533
mbl,262.120135001754
mbl,261.055722159601
mbl,261.8745617624
mbl,260.583920750753
mbl,260.530252340389
mbl,261.560129216735
mbl,256.772005533762
mbl,256.739326332274
mbl,257.779530083109
mbl,257.870751787059
mbl,257.745926142065
mbl,257.299778324319
mbl,257.177339853565
mbl,257.61606227932
mbl,257.039060357818
mbl,257.842561432326
mbl,261.318685312802
mbl,264.639416222246
mbl,264.076447472977
mbl,261.59574618882
mbl,261.682108345488
mbl,262.747640368855
mbl,262.239824834783
mbl,263.969751791186
mbl,261.615995245334
mbl,261.644182864979
mbl,259.49985571506
mbl,258.38307984835
mbl,256.562909671501
mbl,258.049654490324
mbl,256.597051780135
mbl,258.980853437614
mbl,258.122821116643
mbl,257.770508015084
mbl,257.28472471568
mbl,257.581213575178
mbl,260.341235756907
mbl,261.320916370505
mbl,260.374531061631
mbl,259.944376434968
mbl,259.541121938941
mbl,260.110370172008
mbl,260.653731538095
mbl,261.519999772306
mbl,259.789861121986
mbl,260.700002303598
mbl,255.858262828719
mbl,255.485367235388
mbl,255.873827199675
mbl,255.30797616886
mbl,255.852152206898
mbl,255.542155674822
mbl,255.832486282776
mbl,255.725786115471
mbl,255.597920659278
mbl,255.379774203221
mbl,257.210177553166
mbl,257.275000366429
mbl,258.398560692861
mbl,258.350793571118
mbl,257.50641823425
mbl,257.445256945491
mbl,257.397928097332
mbl,257.628017550767
mbl,257.812945681151
mbl,257.584069349733
mbl,256.169360610924
mbl,255.788308944136
mbl,255.065866525955
mbl,256.512268687331
mbl,255.40293543708
mbl,256.445596038196
mbl,256.038661874277
mbl,255.544652634636
mbl,256.827664387617
mbl,255.749437144231
mbl,262.405546141393
mbl,259.108356892182
mbl,262.359521679846
mbl,264.613601739858
mbl,265.288475259137
mbl,258.627216262859
mbl,260.387988961511
mbl,260.644093670184
mbl,265.845717085898
mbl,262.640570361456
mbl,259.59590385498
mbl,260.099019147223
mbl,260.394064642023
mbl,260.736013387656
mbl,260.388361172229
mbl,260.321978599415
mbl,262.253935302887
mbl,259.576897992683
mbl,260.475026364136
mbl,260.00825115433
mbl,259.622182717244
mbl,259.762756338918
mbl,260.557041263052
mbl,259.642789710942
mbl,259.623150724266
mbl,259.545084928442
mbl,260.530211024983
mbl,259.422753124661
mbl,260.411414917579
mbl,259.289834068785
mbl,261.741429535265
mbl,261.790788189645
mbl,261.831691576664
mbl,263.091019741031
mbl,262.803228007231
mbl,262.195471151262
mbl,261.624162044288
mbl,261.66644974017
mbl,262.070891847403
mbl,262.659923500975
mbl,260.92941074718
mbl,260.214076144749
mbl,259.607547432082
mbl,261.424123634982
mbl,260.844347405818
mbl,259.674855915965
mbl,260.632468111774
mbl,260.428824484306
mbl,260.239942352723
mbl,260.22515371887
mbl,259.232555602035
mbl,260.344918682808
mbl,259.606216256749
mbl,260.894921679385
mbl,259.256704931362
mbl,259.500333230307
mbl,259.531970682559
mbl,259.209138796092
mbl,258.620529487296
mbl,259.380550532825
mbl,259.59975138288
mbl,259.575056842575
mbl,259.521756430319
mbl,259.569076711298
mbl,259.464455814846
mbl,259.325647621346
mbl,259.69201648368
mbl,259.683315094374
mbl,259.558779281029
mbl,259.421629256965
mbl,261.621984257177
mbl,261.483482370665
mbl,261.683923396911
mbl,261.418071006937
mbl,261.393061606958
mbl,261.450418705982
mbl,261.661092510144
mbl,261.39916702155
mbl,261.335966555448
mbl,261.48659924143
mbl,256.688878784585
mbl,256.972094933954
mbl,257.28986748918
mbl,256.458465008344
mbl,256.89484420564
mbl,257.044761063536
mbl,256.634031069949
mbl,258.824197543971
mbl,257.209189493321
mbl,257.370504949987
mbl,258.265682084998
mbl,258.484842668218
mbl,259.299637262942
mbl,259.865978546673
mbl,259.721732276375
mbl,260.314956525923
mbl,260.454468635493
mbl,259.997887543985
mbl,260.05944129359
mbl,258.438804354682
mbl,259.069737045725
mbl,258.397444806027
mbl,257.494558909605
mbl,260.67292114771
mbl,261.345796968113
mbl,259.026354521827
mbl,258.702162511726
mbl,257.766097953159
mbl,258.54581877131
mbl,260.658938756702
mbl,261.532067390434
mbl,262.319860019151
mbl,262.196854691368
mbl,260.654492004737
mbl,261.000588621416
mbl,261.497883755092
mbl,261.369425593684
mbl,260.783604602879
mbl,262.123328196222
mbl,262.400475431564
mbl,258.591398958964
mbl,258.195542257051
mbl,256.603157222434
mbl,257.729363495677
mbl,259.031806731899
mbl,256.926051593237
mbl,258.246032565695
mbl,257.585585438975
mbl,259.520150873782
mbl,258.4393380778
mbl,258.238389123161
mbl,258.247577568563
mbl,258.531469967728
mbl,258.603210487333
mbl,258.264846410998
mbl,258.490021486697
mbl,258.654858902493
mbl,258.443093972211
mbl,258.474449047283
mbl,258.502600464551
mbl,260.389813957675
mbl,261.112346191383
mbl,260.440542872711
mbl,261.507903778648
mbl,260.739460881916
mbl,261.107979783802
mbl,261.2983926549
mbl,260.050606385753
mbl,260.965126393139
mbl,260.529980860311
mbl,264.36608988466
mbl,266.317713501141
mbl,266.552808033722
mbl,264.195941326262
mbl,263.384473723774
mbl,262.30011949223
mbl,263.806936076502
mbl,266.546397870397
mbl,265.696087533971
mbl,264.817636582474
mbl,260.05909790627
mbl,261.255926252368
mbl,259.991525789609
mbl,261.170774282026
mbl,260.763679387141
mbl,261.346714493816
mbl,261.254522796609
mbl,260.695238792521
mbl,260.303955808475
mbl,259.476937939618
mbl,260.449709848366
mbl,261.175179903561
mbl,259.972488424687
mbl,260.326169146388
mbl,261.794436923633
mbl,259.9021572101
mbl,260.345999440239
mbl,261.562637672231
mbl,260.341072515445
mbl,259.710017089457
mbl,261.239560821466
mbl,260.878016877752
mbl,260.557476739327
mbl,259.572847453693
mbl,259.915993873458
mbl,261.074172742479
mbl,261.054296958433
mbl,259.71368402834
mbl,260.111967081865
mbl,259.770214029893
mbl,258.24371901683
mbl,258.470906213438
mbl,258.649320061947
mbl,258.451819727593
mbl,258.338227441232
mbl,258.480124376877
mbl,258.332416648441
mbl,258.601659810799
mbl,258.536743040243
mbl,258.434254952171
mbl,264.128212136561
mbl,263.076048863158
mbl,263.982831702933
mbl,262.990806282922
mbl,263.47253274485
mbl,262.806513744164
mbl,263.413240642818
mbl,263.726007445571
mbl,264.420948650863
mbl,263.077990904963
mbl,257.263981792431
mbl,256.975739393341
mbl,258.274364825841
mbl,257.63341749484
mbl,258.417922068792
mbl,257.677097945425
mbl,257.665925969174
mbl,257.766523290165
mbl,256.38955839365
mbl,256.418683880814
mbl,261.064368897751
mbl,261.328726320842
mbl,260.659520366653
mbl,260.585845786966
mbl,261.88423541551
mbl,261.137375781448
mbl,260.613477621824
mbl,260.707936733288
mbl,261.116001039715
mbl,261.414634491287
mbl,259.230750630444
mbl,259.816551350788
mbl,259.405756662809
mbl,259.61659591361
mbl,259.209481724899
mbl,259.634496804287
mbl,259.778011690807
mbl,260.287045373935
mbl,258.363748663918
mbl,259.843986331953
mbl,258.432748364306
mbl,259.168010931583
mbl,257.847032195975
mbl,257.914206670087
mbl,258.684761467371
mbl,257.50213305966
mbl,258.97474917558
mbl,258.81757409788
mbl,258.22339039552
mbl,258.723101610979
mbl,260.463215847106
mbl,259.558812877596
mbl,259.641967666119
mbl,260.193567504196
mbl,260.331188157173
mbl,259.811771282861
mbl,261.505928887923
mbl,261.110358449558
mbl,259.94018179978
mbl,260.852223340457
Hedman,256.057170456053
Hedman,256.045260504363
Hedman,255.390460251208
Hedman,256.043689771717
Hedman,256.045745284002
Hedman,256.052770832946
Hedman,256.053143195157
Hedman,256.05536831293
Hedman,254.904361854759
Hedman,255.564736519138
Hedman,255.390403317869
Hedman,254.968228496412
Hedman,255.589814643788
Hedman,256.056247549547
Hedman,254.946984045224
Hedman,256.056930966769
Hedman,256.029161451395
Hedman,256.04949935505
Hedman,256.056363029742
Hedman,254.879458737585
Hedman,256.055650453689
Hedman,254.883727991265
Hedman,256.056674640101
Hedman,254.887050737387
Hedman,256.048527675481
Hedman,255.56601444371
Hedman,255.588134748874
Hedman,256.055049441207
Hedman,256.057986574131
Hedman,256.054973283034
Hedman,256.052557854701
Hedman,256.053752508356
Hedman,255.635813612872
Hedman,255.027504332336
Hedman,256.057386571316
Hedman,256.057433441783
Hedman,256.058473618684
Hedman,256.002520437336
Hedman,256.041978058504
Hedman,255.425447006884
Hedman,255.804035164359
Hedman,256.057608073272
Hedman,255.929570639038
Hedman,256.054416431437
Hedman,255.839962665193
Hedman,256.057542154982
Hedman,256.048753504282
Hedman,256.05324071154
Hedman,256.046577371531
Hedman,254.881004246268
Hedman,254.83204590085
Hedman,256.05666344798
Hedman,256.051015504926
Hedman,255.39702416585
Hedman,256.057317138839
Hedman,255.253919099991
Hedman,254.926389810688
Hedman,256.056981008715
Hedman,256.053424247525
Hedman,256.054182967594
Hedman,256.042379736535
Hedman,255.995588259778
Hedman,256.056835027341
Hedman,255.001715812517
Hedman,255.422664132201
Hedman,254.988346466642
Hedman,256.05461733474
Hedman,256.049136198784
Hedman,256.048951609604
Hedman,256.053674014211
Hedman,255.992170048136
Hedman,256.058099803178
Hedman,255.35112101176
Hedman,256.052826453521
Hedman,255.747241035886
Hedman,255.558241204709
Hedman,256.040577710509
Hedman,255.374913466427
Hedman,256.05756412437
Hedman,256.036694699988
Hedman,256.055845200886
Hedman,256.030269458818
Hedman,256.050230444434
Hedman,256.021621262783
Hedman,256.056477174916
Hedman,255.044914905952
Hedman,256.056820831955
Hedman,254.997004705508
Hedman,255.730699543129
Hedman,256.051316513619
Hedman,255.747788246569
Hedman,256.034733786909
Hedman,255.855567104466
Hedman,254.995946879766
Hedman,255.440121342969
Hedman,256.049075125245
Hedman,256.007057110511
Hedman,255.651076916257
Hedman,256.05727542073
Hedman,256.046243203593
Hedman,256.046236556395
Hedman,255.71078763426
Hedman,255.998578487215
Hedman,255.883725831253
Hedman,254.983601062087
Hedman,256.053098959751
Hedman,255.054473076563
Hedman,255.975080076075
